{"correctness": 0.5348313278876818, "faithfulness": 0.5256544340115327, "hit_rate": 0.9615384615384616}